{
  "hash": "e94a0c1f",
  "configHash": "e689aae9",
  "lockfileHash": "01b3af6d",
  "browserHash": "07d8cf2c",
  "optimized": {
    "@angular/common": {
      "src": "../../../../../node_modules/@angular/common/fesm2022/common.mjs",
      "file": "@angular_common.js",
      "fileHash": "14d5aa77",
      "needsInterop": false
    },
    "@angular/common/http": {
      "src": "../../../../../node_modules/@angular/common/fesm2022/http.mjs",
      "file": "@angular_common_http.js",
      "fileHash": "d7397814",
      "needsInterop": false
    },
    "@angular/core": {
      "src": "../../../../../node_modules/@angular/core/fesm2022/core.mjs",
      "file": "@angular_core.js",
      "fileHash": "e385f4e2",
      "needsInterop": false
    },
    "@angular/platform-browser": {
      "src": "../../../../../node_modules/@angular/platform-browser/fesm2022/platform-browser.mjs",
      "file": "@angular_platform-browser.js",
      "fileHash": "9cee1103",
      "needsInterop": false
    },
    "@angular/router": {
      "src": "../../../../../node_modules/@angular/router/fesm2022/router.mjs",
      "file": "@angular_router.js",
      "fileHash": "d0a0e7fe",
      "needsInterop": false
    }
  },
  "chunks": {
    "chunk-FKJMIP2X": {
      "file": "chunk-FKJMIP2X.js"
    },
    "chunk-UG5OGHSG": {
      "file": "chunk-UG5OGHSG.js"
    },
    "chunk-D4CVIIVF": {
      "file": "chunk-D4CVIIVF.js"
    },
    "chunk-4SRVQOJF": {
      "file": "chunk-4SRVQOJF.js"
    }
  }
}