[{"name":"jyotsna","work":"Assistant Professor","password":"abc"},{"name":"Usha","work":"Assistant Professor","password":"rapaka"},{"name":"Usha","work":"Assistant Professor","password":"rapaka"},{"name":"Usha","work":"Assistant Professor","password":"rapaka"},{"name":"Usha","work":"Assistant Professor","password":"rapaka"},{"name":"ramu","work":"Assistant Professor","password":"sita"},{"name":"subbu","work":"NE","password":"1234"},{"name":"nagesh","work":"software engineer","password":"picchi"},{"name":"sanju","work":"NE","password":"sailu"}]