{
  "hash": "fa090792",
  "configHash": "49c7f041",
  "lockfileHash": "01b3af6d",
  "browserHash": "08dda682",
  "optimized": {
    "@angular/core": {
      "src": "../../../../../node_modules/@angular/core/fesm2022/core.mjs",
      "file": "@angular_core.js",
      "fileHash": "8bca3fe5",
      "needsInterop": false
    },
    "@angular/platform-browser": {
      "src": "../../../../../node_modules/@angular/platform-browser/fesm2022/platform-browser.mjs",
      "file": "@angular_platform-browser.js",
      "fileHash": "020eb805",
      "needsInterop": false
    },
    "@angular/router": {
      "src": "../../../../../node_modules/@angular/router/fesm2022/router.mjs",
      "file": "@angular_router.js",
      "fileHash": "2c0bfe3a",
      "needsInterop": false
    }
  },
  "chunks": {
    "chunk-TGFELFBG": {
      "file": "chunk-TGFELFBG.js"
    },
    "chunk-4SRVQOJF": {
      "file": "chunk-4SRVQOJF.js"
    }
  }
}